"","Species","Source_a","Source_b","Lat","Long","Elevation_m","GroundResolution_m"
"1","albertensis","Literature","Shults 2021",43.7438,-101.9509,729,883.537183626729
"2","albertensis","Literature","Shults 2021",40.656,-104.9878,1553,927.804742546534
"3","albertensis","Literature","Shults 2021",38.8793,-98.4481,503,952.062898108233
"4","albertensis","Literature","Shults 2021",39.2234,-96.5906,329,947.435496612761
"5","albertensis","Literature","Shults 2021",43.2167,-79.95,243,891.279074136055
"6","albertensis","Type","Wirth 1957",50.558988,-111.915675,757,776.94688775059
"7","albertensis","Literature","Wirth 1957",40.084242,-104.84235,1503,935.709721118389
"8","albertensis","Literature","Wirth 1957",36.29498,-96.466025,249,985.707638778755
"9","albertensis","Museum","CNC",49.724595,-113.413671,943,790.618555443291
"10","albertensis","Museum","CNC",49.694776,-112.865486,835,791.104058732588
"11","albertensis","Museum","USNM",45.668626,-108.772473,1006,854.63578395786
"12","albertensis","Museum","USNM",43.405313,-103.267711,909,888.517414270129
"13","albertensis","Museum","USNM",42.209585,-104.518856,1287,905.860987286767
"14","albertensis","Museum","USNM",42.122157,-105.010225,1388,907.113709667452
"15","albertensis","Museum","USNM",41.943317,-103.809261,1204,909.66965732662
"16","albertensis","Museum","USNM",40.826151,-96.729162,350,925.434404214649
"17","albertensis","Museum","USNM",40.537676,-105.062178,1526,929.448267429127
"18","albertensis","Museum","USNM",37.9626,-98.600863,572,964.222488892561
"19","ausralis","Type","Type",30.43205,-91.226327,6,1054.50135731721
"20","ausralis","Literature","Wirth 1957",32.728319,-80.019017,11,1028.83464706969
"21","ausralis","Literature","Wirth 1957",39.08209,-92.879655,200,949.339955467852
"22","ausralis","Literature","Wirth 1957",37.81191,-96.278253,322,966.197781237256
"23","ausralis","Literature","Wirth 1957",35.584382,-94.810359,238,994.61011934319
"24","ausralis","Literature","Wirth 1957",36.146617,-97.059263,281,987.578922153462
"25","ausralis","Literature","Wirth 1957",28.286828,-96.939496,5,1076.95042397305
"26","ausralis","Literature","Wirth 1957",26.111906,-97.588768,11,1098.16911904199
"27","ausralis","Literature","Wirth 1957",31.636921,-96.293536,153,1041.2424489648
"28","ausralis","Literature","Wirth 1957",31.791419,-96.471466,145,1039.50885644673
"29","ausralis","Museum","USNM",36.876024,-81.764563,522,978.315495339094
"30","combinothecus","Type","Yu 1986",31.916667,102.25,2891,1038.09792462761
"31","cornutus","Type","Type",-29.670357,31.044374,44,1062.64313910561
"32","cornutus","Literature","Paratype",-28.743691,31.878118,140,1072.29497207684
"33","cornutus","Literature","Becker 2012",-22.571541,16.37926,1457,1129.31243406857
"34","cornutus","Literature","Braverman 1978",-17.97377,31.07198,1433,1163.30783371829
"35","cornutus","Literature","Khamala 1971",-3.380793,36.758177,1330,1220.86402111695
"36","cornutus","Literature","Venter 1989",-29.464545,27.727761,1740,1064.81090737193
"37","cornutus","Literature","Walker 1977",1.086658,36.696495,1925,1222.7725039326
"38","cornutus","Literature","Walker 1977",0.464379,35.270582,2138,1222.95228353851
"39","cornutus","Literature","Walker 1977",-0.246591,35.732045,2463,1222.98112589172
"40","cornutus","Literature","Walker 1977",-1.601311,35.868139,1916,1222.51484453136
"41","cornutus","Literature","Walker 1977",-1.183285,36.918381,1548,1222.73165003368
"42","cornutus","Literature","Walker 1977",1.022478,35.006438,1892,1222.79771715007
"43","cornutus","Literature","Walker 1977",0.834059,36.683447,1875,1222.86287363169
"44","cornutus","Literature","Walker 1977",-0.293036,36.102627,1802,1222.97645736835
"45","cornutus","Literature","Walker 1977",-0.41579,36.254058,1857,1222.96024968453
"46","cornutus","Literature","Walker 1977",-0.658826,36.416855,1918,1222.91160160095
"47","cornutus","Literature","Walker 1977",-1.276334,37.128549,1474,1222.68902206187
"48","cornutus","Literature","Walker 1977",-1.343714,36.6671,1918,1222.65614061604
"49","cornutus","Literature","Walker 1977",-1.769547,37.113404,1677,1222.40922478586
"50","cornutus","Museum","CNC",-1.228591,36.718026,1879,1222.71129709446
"51","cornutus","Museum","CNC",-1.239363,36.827474,1693,1222.70634546262
"52","cornutus","Museum","CNC",-18.979691,28.867936,1124,1156.50314305382
"53","cornutus","Museum","CNC",-25.63802,28.170558,1230,1102.58347291258
"54","cornutus","Museum","USNM",-25.65153,28.183006,1224,1102.45866730922
"55","digitalis","Literature","Remm 1973",48.767756,89.846926,2046,806.089964852962
"56","digitalis","Literature","Remm 1973",50.019776,100.090964,1663,785.800983015585
"57","digitalis","Literature","Remm 1973",46.110937,102.78222,1803,847.856972346628
"58","digitalis","Literature","Remm 1973",44.800977,110.054934,939,867.784960561146
"59","digitalis","Type","Holotype",49.514371,89.777937,2110,794.036780014316
"60","digitalis","Literature","Paratype",50.292932,100.095593,1602,781.324291736893
"61","digitalis","Literature","Paratype",49.682037,100.119283,1345,791.311405683347
"62","digitalis","Literature","xinghaiensis",36.559479,100.751049,3209,982.355160542114
"63","digitalis","Museum","ZICN",43.025,109.38333,1211,894.076036548752
"64","expallens","Literature","Glukhova 1989",51.719566,94.907811,1018,757.65727911335
"65","expallens","Literature","Gornostaeva 1985",50.511082,115.000913,615,777.736321833265
"66","expallens","Literature","Gornostaeva 1986",50.371091,116.379332,663,780.040089661574
"67","expallens","Literature","Gornostaeva 1986",50.457607,117.029662,1021,778.616884216728
"68","expallens","Literature","Remm 1973",44.313355,103.631461,1088,875.087693622937
"69","expallens","Literature","Remm 1973",45.186386,100.769593,1265,861.968493390603
"70","expallens","Type","Remm 1973",47.860162,104.002762,1034,820.557437281836
"71","expallens","Literature","Remm 1973",48.848586,90.869915,1598,804.79163425608
"72","expallens","Literature","Remm 1973",45.295262,113.8509,1241,860.318295599707
"73","expallens","Literature","Remm 1973",47.645498,117.62528,583,823.949308138297
"74","expallens","Literature","Remm 1973",47.848943,92.014275,1171,820.734992541244
"75","expallens","Literature","Remm 1973",48.212857,105.046052,1127,814.959574667717
"76","expallens","Literature","Remm 1973",48.109436,105.837741,1216,816.604249274945
"77","expallens","Literature","Remm 1973",49.768103,95.227666,1386,789.909788159547
"78","expallens","Museum","ZICN",47.857365,103.981815,1040,820.601706387153
"79","expallens","Museum","ZICN",49.560062,117.568593,670,793.294755785825
"80","expallens","Museum","ZICN",52.042997,113.424951,656,752.225904018052
"81","expallens","Museum","ZICN",50.111062727772,106.143594415178,611,784.306887689054
"82","expallens","Museum","ZICN",50.2552744815612,106.528088864854,634,781.942509847478
"83","grandensis","Type","Holotype",38.937324,-109.398322,1345,951.285003151668
"84","grandensis","Literature","Paratype",38.550243,-109.590208,1259,956.455885943131
"85","heiheensis","Type","Type",50.236832,127.49078,135,782.24515423394
"86","heiheensis","Literature","as ahuiensis",50.225361,127.559098,125,782.433354493777
"87","helveticus","Type","Type",46.549328,6.235239,1337,841.088378949018
"88","helveticus","Literature","Aubakirova",49.186434,84.869881,643,799.347647377972
"89","helveticus","Literature","Brodskaya",59.759525,29.621451,98,615.936133826978
"90","helveticus","Literature","Brodskaya",60.173454,30.320712,49,608.287040902038
"91","helveticus","Literature","Brodskaya",59.801244,30.387944,20,615.166648564504
"92","helveticus","Literature","Glukhova",53.831452,27.674793,183,721.764411811441
"93","helveticus","Literature","Glukhova",48.514187,24.61374,527,810.152490535011
"94","helveticus","Literature","Gornostaeva",53.677266,91.419545,248,724.418679499735
"95","helveticus","Literature","Katsko",49.438232,130.571593,152,795.272159292524
"96","helveticus","Literature","Khlyzova",57.19668,65.733457,55,662.56461932722
"97","helveticus","Literature","Mezenev",62.566536,97.389296,487,563.454931544481
"98","helveticus","Literature","Mezenev",60.341349,102.310216,246,605.175396208658
"99","helveticus","Literature","Mezenev",64.216591,93.789468,151,531.965489388024
"100","helveticus","Literature","Mezenev",65.759889,105.337909,409,502.11359180665
"101","helveticus","Literature","Mezenev",67.549724,100.383343,293,467.038194470364
"102","helveticus","Literature","Mirzaeva 1969",66.636829,66.349339,18,484.987303541782
"103","helveticus","Literature","Mirzaeva 1971",51.674777,100.987477,1294,758.407521306039
"104","helveticus","Literature","Mirzaeva 1971",51.697899,102.141381,744,758.020271996003
"105","helveticus","Literature","Nielsen",58.26999,13.430167,130,643.192779876388
"106","helveticus","Literature","Remm",49.524423,102.770428,1323,793.873578317863
"107","helveticus","Literature","Sprygin",61.950912,52.338615,124,575.085115560951
"108","helveticus","Literature","Sprygin",59.150309,56.177518,118,627.135393548712
"109","helveticus","Literature","Sprygin",55.962242,92.827596,238,684.556717872612
"110","helveticus","Literature","Sprygin",58.331809,82.904811,79,642.070088305877
"111","helveticus","Literature","Sprygin",62.916944,152.402747,202,556.805992316724
"112","helveticus","Literature","Sprygin",62.078895,129.747935,112,572.672721149475
"113","helveticus","Literature","Yu",49.246837,119.690299,640,798.371396389697
"114","helveticus","Literature","Yu",41.097833,123.035373,129,921.632747641328
"115","helveticus","Literature","Yu",50.220544,127.5557,124,782.512375799815
"116","helveticus","Museum","ZICN",46.4726204233611,102.276791729608,1991,842.276280650352
"117","helveticus","Museum","ZICN",45.0835731541786,100.533343473039,1227,863.523936709106
"118","helveticus","Museum","ZICN",60.0775679699002,43.481660611261,111,610.061781735113
"119","helveticus","Museum","ZICN",46.4731641217533,102.274434592128,1994,842.267866188977
"120","helveticus","Museum","ZICN",58.867349,25.007759,77,632.31302995462
"121","helveticus","Museum","ZICN",56.456744,29.115611,151,675.78450993736
"122","homotomus","Museum","USNM",6.100349,100.368085,6,1216.06700933599
"123","homotomus","Museum","USNM",11.576087,104.936141,12,1198.11566860439
"124","homotomus","Museum","USNM",13.749908,100.537802,12,1187.94448699549
"125","homotomus","Museum","USNM",13.759833,100.581942,4,1187.89411537678
"126","homotomus","Museum","USNM",13.790581,99.850099,15,1187.73783606316
"127","homotomus","Museum","USNM",13.804612,100.772594,3,1187.66640865468
"128","homotomus","Museum","CNC",16.444601,102.546801,212,1172.96460055278
"129","homotomus","Museum","CNC",17.334759,103.088323,181,1167.44440281012
"130","homotomus","Museum","USNM",17.374542,102.806424,168,1167.19110543441
"131","homotomus","Museum","USNM",17.798486,102.58973,168,1164.45693984408
"132","homotomus","Museum","USNM",23.948297,121.536537,88,1117.70762474475
"133","homotomus","Museum","CNC",24.003161,120.969823,443,1117.23175460491
"134","homotomus","Museum","CNC",24.773066,120.975214,52,1110.44603055939
"135","homotomus","Museum","USNM",24.825332,120.994637,15,1109.97809116539
"136","homotomus","Museum","USNM",25.194838,121.55996,529,1106.64356568085
"137","homotomus","Museum","USNM",33.058973,130.119367,169,1025.00164371837
"138","homotomus","Museum","USNM",33.388404,130.219501,346,1021.14886959378
"139","homotomus","Museum","USNM",34.550456,135.523915,34,1007.28970083902
"140","homotomus","Museum","USNM",35.18242,129.117205,10,999.578302153852
"141","homotomus","Museum","USNM",35.817147,126.896984,23,991.710786198924
"142","homotomus","Museum","USNM",36.990343,127.087256,12,976.849240013865
"143","homotomus","Museum","USNM",37.687368,127.532289,114,967.825273543524
"144","homotomus","Museum","USNM",37.740406,127.02417,101,967.132741151346
"145","homotomus","Literature","arnaud",34.6,135.5,10,1006.68956614759
"146","homotomus","Literature","arnaud",33.3,130.1,75,1022.18609474984
"147","homotomus","Type","arnaud",23.4,120.5,125,1122.40698051612
"148","homotomus","Literature","Causey",19.8,99.7,431,1150.69007919252
"149","homotomus","Literature","Takahashi",49.1,121.5,972,800.743073561146
"150","homotomus","Literature","Chatterjee",25.1,87.9,29,1107.503806467
"151","homotomus","Literature","Chen",24.9,117.8,778,1109.30798362074
"152","homotomus","Literature","Cho",38.2,128.3,517,961.097049147983
"153","homotomus","Literature","Cho",37.6,128.8,738,968.964254067087
"154","homotomus","Literature","Cho",37.4,127.6,88,971.563085120373
"155","homotomus","Literature","Cho",36.1,129.3,129,988.165529754401
"156","homotomus","Literature","Cho",35.9,128.4,23,990.674812526814
"157","homotomus","Literature","Cho",35,127,135,1001.81676766684
"158","homotomus","Literature","Cho",34.6,127.4,22,1006.68956614759
"159","homotomus","Literature","Cho",33.3,126.3,166,1022.18609474984
"160","homotomus","Literature","Jeu",29.4,107.2,854,1065.48791556848
"161","homotomus","Literature","Lui",28.4,115.3,44,1075.80356552353
"162","homotomus","Literature","Qu",19.3,109.9,176,1154.2614405079
"163","homotomus","Literature","Satheesha",17.9,77.4,651,1163.79277384557
"164","homotomus","Literature","Yanse",31.6,130.5,105,1041.65561210142
"165","homotomus","Literature","Wirth",12.9,105,26,1192.12558354699
"166","homotomus","Literature","Yu",39,115.4,31,950.443645401552
"167","homotomus","Literature","Yu",37.9,112.6,882,965.043880190267
"168","homotomus","Literature","Yu",43.6,112.1,957,885.656720896391
"169","homotomus","Literature","Yu",47.2,120.2,1317,830.951587071273
"170","homotomus","Literature","Yu",43.2,116.5,1240,891.523129491465
"171","homotomus","Literature","Yu",40.9,111.7,1124,924.403088035447
"172","homotomus","Literature","Yu",49.5,117.5,744,794.270061439468
"173","homotomus","Literature","Yu",40.3,112.1,1343,932.737611026519
"174","homotomus","Literature","Yu",41.7,100.5,987,913.132861730257
"175","homotomus","Literature","Yu",41.6,123.5,56,914.551420720593
"176","homotomus","Literature","Yu",43.8,126.5,191,882.707311524316
"177","homotomus","Literature","Yu",50.2,127.5,134,782.849331282355
"178","homotomus","Literature","Yu",32.2,119.4,6,1034.88785558425
"179","homotomus","Literature","Yu",32.7,119,8,1029.16133506935
"180","homotomus","Literature","Yu",26.1,119.4,489,1098.28094734852
"181","homotomus","Literature","Yu",28.5,115.9,23,1074.78669596863
"182","homotomus","Literature","Yu",36.4,120.4,40,984.379039280911
"183","homotomus","Literature","Yu",34.6,113.6,230,1006.68956614759
"184","homotomus","Literature","Yu",32.5,111.1,336,1031.4613727852
"185","homotomus","Literature","Yu",28.3,113.1,38,1076.81715799419
"186","homotomus","Literature","Yu",23.6,116.4,52,1120.70470206448
"187","homotomus","Literature","Yu",21.7,108.4,16,1136.32212241644
"188","homotomus","Literature","Yu",18.3,109.5,11,1161.1401934269
"189","homotomus","Literature","Yu",30.5,104.1,490,1053.76596012803
"190","homotomus","Literature","Yu",30.7,107.7,473,1051.59283848197
"191","homotomus","Literature","Yu",23.9,100.4,905,1118.12568697721
"192","homotomus","Literature","Yu",29.6,94.4,2972,1063.38573632652
"193","homotomus","Literature","Yu",29.9,94.3,4694,1060.20818109949
"194","homotomus","Literature","Yu",34.7,110.1,336,1005.47595710009
"195","homotomus","Literature","Yu",37.9,102.6,1606,965.043880190267
"196","homotomus","Literature","Yu",26.1,110.6,523,1098.28094734852
"197","homotomus","Literature","Yu",44.3,81,1102,875.286811673721
"198","lochmocola","Type","Chen2016",44.053937,88.073606,885,878.946997820857
"199","longicollis","Type","Glukhova1971",49.274623,23.502309,374,797.922012880511
"200","longicollis","Literature","Remm1988",49.025822,21.547105,309,801.939180921712
"201","longicollis","Literature","Remm1988",40.269329,44.956843,3054,933.160917704589
"202","longicollis","Literature","Remm1988",40.495526,47.938201,2,930.032775373732
"203","longicollis","Literature","Remm1988",43.396239,76.877564,662,888.650495925197
"204","longicollis","Literature","Remm1988",41.706208,75.195658,3674,913.044705843933
"205","longicollis","Literature","Remm1988",39.369631,59.902622,113,945.458649196806
"206","longicollis","Museum","ZICN",49.2797760021214,23.5284243809291,333,797.838652647593
"207","longicollis","Museum","ZICN",49.27093,23.514012,371,797.981750655639
"208","longicollis","Museum","ZICN",49.543861,23.780889,284,793.557918623706
"209","longicollis","Museum","ZICN",49.543861,23.780893,284,793.557918623706
"210","longicollis","Museum","ZICN",45.075778,36.214417,36,863.641755333316
"211","longicollis","Museum","ZICN",50.462222,13.409306,347,778.540916642664
"212","longicollis","Museum","ZICN",46.955389,37.391167,0,834.775013052579
"213","longicollis","Museum","ZICN",48.899667,37.725167,62,803.970320397647
"214","longicollis","Museum","ZICN",46.646417,35.820833,27,839.58268701447
"215","longicollis","Museum","ZICN",49.273694,23.501278,374,797.937040648063
"216","longlinensis","Type","Yu1982",24.777622,105.359212,612,1110.40527728388
"217","longlinensis","Literature","Yu1990",28.600982,115.800697,30,1073.75651839467
"218","mullensi","Type","Wirth1957",32.5522,-117.0628,11,1030.86227386267
"219","mullensi","Literature","Wirth1957",36.986143,-122.026365,21,976.903178055327
"220","mullensi","Literature","genbank",39.0166,-122.6585,410,950.220617748474
"221","mullensi","Literature","genbank",34.201,-119.001,38,1011.50130203763
"222","mullensi","Literature","genbank",38.7772,-122.5542,291,953.429323905097
"223","mullensi","Literature","Wirth1957",34.224463,-119.203044,19,1011.21970544823
"224","nanpingensis","Type","Yu1986",29.166667,106.9,624,1067.92404415327
"225","nubeculosus","Literature","Goetghebuer1912",51.041079,3.802521,10,768.972457049897
"226","nubeculosus","Literature","Bobeva2013",44.012665,26.43979,14,879.55933292411
"227","nubeculosus","Literature","Boorman1986",55.286139,-1.91098,225,696.467785010364
"228","nubeculosus","Literature","Boorman1986",54.627171,-2.854129,183,707.9836710282
"229","nubeculosus","Literature","Boorman1986",53.970699,-0.994588,19,719.362822440155
"230","nubeculosus","Literature","Boorman1986",53.022775,-0.869756,29,735.626925982979
"231","nubeculosus","Literature","Boorman1986",52.174859,-2.605028,213,750.004657986593
"232","nubeculosus","Literature","Boorman1986",52.384382,0.690678,38,746.467028320728
"233","nubeculosus","Literature","Boorman1986",51.515782,-0.311681,36,761.067035615417
"234","nubeculosus","Literature","Boorman1986",51.001816,-0.173546,79,769.623963629572
"235","nubeculosus","Literature","Boorman1986",50.774943,-3.877127,178,773.381470385971
"236","nubeculosus","Literature","Boorman1986",53.351255,-6.318136,31,730.013568809507
"237","nubeculosus","Literature","Boorman1986",52.603809,-7.206547,68,742.751477092449
"238","nubeculosus","Literature","Boorman1986",53.014658,-7.347063,115,735.765331109261
"239","nubeculosus","Literature","Boorman1986",53.856513,-6.434919,24,721.332499567866
"240","nubeculosus","Literature","Boorman1986",52.487153,-6.593377,42,744.728169599331
"241","nubeculosus","Literature","Boorman1986",56.246321,-4.353806,394,679.523495058053
"242","nubeculosus","Literature","Boorman1986",55.956362,-4.228997,130,684.660720532915
"243","nubeculosus","Literature","Boorman1986",57.185095,-3.96151,647,662.772457249219
"244","nubeculosus","Literature","Boorman1986",55.820063,-4.599284,131,687.069489719683
"245","nubeculosus","Literature","Boorman1986",56.5219,-3.329212,91,674.624909038855
"246","nubeculosus","Literature","Boorman1986",53.1005,-3.309589,69,734.300869179175
"247","nubeculosus","Literature","Boorman1986",51.926232,-4.1056,216,754.189511862145
"248","nubeculosus","Literature","Boorman1986",52.985447,-3.944386,173,736.263293428371
"249","nubeculosus","Literature","Boorman1986",51.892564,-4.267293,88,754.755116779885
"250","nubeculosus","Literature","Casati2009",46.032011,8.923677,303,849.070299217491
"251","nubeculosus","Literature","Dik2014",37.673687,39.113335,629,968.003775760218
"252","nubeculosus","Literature","Dik2014",37.024199,35.332691,37,976.414256359915
"253","nubeculosus","Literature","Glukhova1989",61.770728,34.109984,113,578.476597712236
"254","nubeculosus","Literature","Glukhova1989",47.955093,37.817285,126,819.05377208266
"255","nubeculosus","Literature","Glukhova1989",56.186521,92.963898,295,680.584404989009
"256","nubeculosus","Literature","Gonzolez2013",42.895009,-2.63062,530,895.96695299364
"257","nubeculosus","Literature","Nielsen2014",55.276655,12.023358,45,696.634181028725
"258","nubeculosus","Literature","Nielsen2014",55.648811,11.685529,58,690.090458984648
"259","nubeculosus","Literature","Pudar2018",42.381481,21.514408,586,903.391807699953
"260","nubeculosus","Literature","Pudar2018",45.507673,20.012596,77,857.089914852236
"261","nubeculosus","Literature","Pudar2018",43.679508,20.64792,287,884.485502979118
"262","nubeculosus","Literature","Uslu2010",37.706666,32.625298,1009,967.573389965861
"263","nubeculosus","Literature","Segard2018",49.120646,5.37828,229,800.409921547049
"264","nubeculosus","Literature","Segard2018",48.08911,-2.224259,76,816.927175172337
"265","nubeculosus","Literature","Segard2018",45.625587,5.444198,353,855.292682511527
"266","nubeculosus","Literature","Segard2018",49.292911,1.81871,84,797.626138298593
"267","nubeculosus","Literature","Zimmer2014",50.555237,4.685022,140,777.008719389977
"268","nubeculosus","Literature","Spygin2014",57.26973,28.927688,105,661.253459706222
"269","nubeculosus","Literature","Spygin2014",48.801592,43.905065,110,805.546669711761
"270","nubeculosus","Literature","Spygin2014",42.97382,47.119684,252,894.821077159788
"271","nubeculosus","Literature","Spygin2014",57.894195,56.089608,141,650.001414872437
"272","nubeculosus","Literature","Spygin2014",57.015401,65.525675,69,665.813702149852
"273","nubeculosus","Literature","Spygin2014",56.497513,84.571485,124,675.05903404053
"274","nubeculosus","Literature","Spygin2014",51.607689,39.168904,144,759.530417783597
"275","nubeculosus","Literature","Spygin2014",59.840287,30.692669,40,614.446225283745
"276","nubeculosus","Literature","Spygin2014",55.069168,80.199021,149,700.269739210892
"277","nubeculosus","Literature","Dzarfarov1964",53.363965,68.310599,280,729.795885715963
"278","nubeculosus","Literature","Dzarfarov1964",44.952919,39.012866,17,865.496575341558
"279","nubeculosus","Literature","Larskaetal2017",49.4452,22.4737,475,795.159159643999
"280","nubeculosus","Literature","FaunaEuropaea",41.646113,19.973638,222,913.897626482808
"281","nubeculosus","Literature","FaunaEuropaea",53.620074,27.909503,170,725.401890513839
"282","nubeculosus","Literature","FaunaEuropaea",49.824668,15.594445,353,788.98763478445
"283","nubeculosus","Literature","FaunaEuropaea",56.038613,9.399593,107,683.205249182284
"284","nubeculosus","Literature","FaunaEuropaea",58.820576,25.777286,72,633.167406063049
"285","nubeculosus","Literature","FaunaEuropaea",60.774485,26.887664,52,597.124036109463
"286","nubeculosus","Literature","FaunaEuropaea",47.333214,19.393702,124,828.86299279229
"287","nubeculosus","Literature","FaunaEuropaea",49.771487,6.123741,259,789.854641994849
"288","nubeculosus","Literature","FaunaEuropaea",60.169592,10.779419,549,608.358555068237
"289","nubeculosus","Literature","FaunaEuropaea",39.467848,-8.251031,26,944.12742868495
"290","nubeculosus","Literature","FaunaEuropaea",49.103517,19.351769,668,800.686329205447
"291","nubeculosus","Literature","FaunaEuropaea",40.398363,-3.227515,785,931.378248787994
"292","nubeculosus","Literature","FaunaEuropaea",52.107174,5.750566,23,751.145324485814
"293","nubeculosus","Literature","Werner2020",52.640564,13.937978,108,742.128039024743
"294","nubeculosus","Literature","Werner2020",52.460376,11.539108,78,745.181460550432
"295","nubeculosus","Literature","Werner2020",50.095418,8.293578,211,784.563087353196
"296","nubeculosus","Literature","Vorsprach2009",50.684477,7.62091,238,774.876404336142
"297","nubeculosus","Museum","NHM",32.209349,35.285874,504,1034.78150277903
"298","nubeculosus","Museum","CNC",38.411418,27.146761,104,958.299778260004
"299","nubeculosus","Museum","CNC",38.470592,27.218134,66,957.514508542787
"300","nubeculosus","Museum","USNM",38.470813,27.21254,47,957.51157384316
"301","nubeculosus","Museum","NHM",38.925751,16.584111,423,951.440233732887
"302","nubeculosus","Museum","NHM",40.138017,26.402361,3,934.970199387397
"303","nubeculosus","Museum","CNC",48.213769,16.417575,160,814.945059573725
"304","nubeculosus","Museum","CNC",50.703779,-1.500378,1,774.557604336538
"305","nubeculosus","Museum","CNC",50.732143,-2.822077,28,774.088973022861
"306","nubeculosus","Museum","CNC",50.737959,-2.820497,28,773.992857361831
"307","nubeculosus","Museum","NHM",51.170028,-0.851411,119,766.830216182064
"308","nubeculosus","Museum","NHM",51.275476,-0.453062,59,765.075512182075
"309","nubeculosus","Museum","NHM",51.280105,-0.633435,40,764.998424039089
"310","nubeculosus","Museum","NHM",51.465269,0.365008,1,761.910742374864
"311","nubeculosus","Museum","NHM",51.703352,-5.156525,22,757.928926675407
"312","nubeculosus","Museum","NHM",51.809749,-0.353983,111,756.145256448234
"313","nubeculosus","Museum","NHM",51.842839,-0.538762,209,755.589994214132
"314","nubeculosus","Museum","NHM",52.197751,1.120256,58,749.618631914363
"315","nubeculosus","Museum","NHM",52.956354,-4.022081,163,736.759053976961
"316","nubeculosus","Museum","CNC",56.069101,-3.770784,15,682.665391403436
"317","occidentalis","Type","Type",38.985708,-122.667908,433,950.635600237168
"318","occidentalis","Literature","Downes1978",49.036619,-119.151895,1019,801.765164710248
"319","occidentalis","Literature","Downes1978",50.778591,-120.412718,772,773.32114739284
"320","occidentalis","Literature","Jorgensen1969",46.75748,-117.197052,768,837.857325171885
"321","occidentalis","Literature","Dyce1968",35.422417,-119.034413,146,996.617881825388
"322","occidentalis","Literature","Herbst1988",38.030009,-119.062582,1949,963.336710407638
"323","occidentalis","Literature","Holbrook2000",31.88665,-108.807605,1372,1038.43652149505
"324","occidentalis","Literature","Holbrook2000",37.850455,-117.635032,1435,965.693156719781
"325","occidentalis","Literature","Holbrook2000",40.085905,-119.757838,1851,935.686863644591
"326","occidentalis","Literature","Holbrook2000",36.157039,-115.000651,767,987.447686908707
"327","occidentalis","Literature","Holbrook1995",36.524158,-117.979862,1091,982.804060713388
"328","occidentalis","Literature","Holbrook1995",33.729552,-117.944847,17,1017.12348400744
"329","occidentalis","Literature","Holbrook1995",33.517058,-115.926837,-60,1019.63505726851
"330","occidentalis","Literature","Huerta2012",26.020038,-111.374257,101,1099.03076945107
"331","occidentalis","Literature","Mcmullen1978",49.075536,-119.469462,369,801.137699736761
"332","occidentalis","Literature","Mcmullen1978",49.340741,-119.574897,343,796.85193084638
"333","occidentalis","Literature","Mcmullen1978",49.065945,-119.585134,759,801.292371284697
"334","occidentalis","Literature","Nelson1971",35.717281,-119.622744,69,992.956729868087
"335","occidentalis","Literature","Nelson1971",35.390429,-119.471178,84,997.013472584998
"336","occidentalis","Literature","Schmidtmann2006",46.814369,-119.189185,297,836.972335808939
"337","occidentalis","Literature","Shults2022",49.3065,-119.6323,559,797.406234420448
"338","occidentalis","Literature","Shults2022",40.0521,-118.4681,1196,936.151349118273
"339","occidentalis","Literature","Shults2022",40.7844,-112.109,1287,926.016785168427
"340","occidentalis","Museum","CNC",19.117995,-97.557046,2439,1155.53964372064
"341","occidentalis","Museum","USNM",27.767683,-113.890849,2,1082.15740443072
"342","occidentalis","Museum","USNM",32.342019,-103.980594,909,1033.26930077293
"343","occidentalis","Museum","USNM",33.432426,-114.731413,71,1020.63146207711
"344","occidentalis","Museum","USNM",33.471828,-104.415503,1070,1020.16784421143
"345","occidentalis","Museum","USNM",33.607898,-114.526161,83,1018.56308791666
"346","occidentalis","Museum","USNM",33.634218,-114.54309,83,1018.25201679485
"347","occidentalis","Museum","USNM",33.674969,-118.019412,16,1017.76996453637
"348","occidentalis","Museum","USNM",34.036201,-117.24615,430,1013.47439267484
"349","occidentalis","Museum","USNM",34.387602,-119.341804,186,1009.25706921059
"350","occidentalis","Museum","USNM",34.850792,-120.422798,158,1003.64014146812
"351","occidentalis","Museum","USNM",35.551628,-119.060678,195,995.01678853673
"352","occidentalis","Museum","USNM",35.692108,-118.422631,911,993.270316228842
"353","occidentalis","Museum","USNM",35.877747,-116.158062,551,990.95326217053
"354","occidentalis","Museum","CNC",37.951813,-118.974005,1953,964.364110104949
"355","occidentalis","Museum","USNM",38.954007,-122.645072,407,951.061162989004
"356","occidentalis","Museum","USNM",38.985849,-122.670364,419,950.633706765074
"357","occidentalis","Museum","USNM",39.175187,-122.980746,505,948.085919680098
"358","occidentalis","Museum","USNM",42.97287,-120.777692,1289,894.834899809937
"359","occidentalis","Museum","USNM",44.120386,-123.298756,115,877.96016417268
"360","occidentalis","Museum","USNM",45.599046,-118.775643,416,855.697533731189
"361","occidentalis","Museum","USNM",46.656187,-118.883576,260,839.43103668405
"362","occidentalis","Museum","USNM",46.656705,-118.877247,254,839.422995585961
"363","occidentalis","Museum","USNM",46.822165,-119.148731,334,836.850993628394
"364","occidentalis","Museum","USNM",46.982014,-119.290899,302,834.359583994259
"365","occidentalis","Museum","CNC",49.11268,-119.661122,1724,800.538476387048
"366","occidentalis","Museum","CNC",49.188229,-119.55131,300,799.318648864559
"367","occidentalis","Museum","CNC",50.676622,-120.317829,351,775.006115666109
"368","occidentalis","Museum","CNC",50.677215,-120.318518,351,774.996323835935
"369","pachynonus","Type","CNC",8.975379,38.73969,2243,1208.01748727131
"370","parroti","Type","Holotype",34.871961,5.744807,151,1003.38186294752
"371","parroti","Literature","Augot2013",49.5377,4.1936,94,793.657978896797
"372","parroti","Literature","Barcelo2020",39.617995,2.973883,159,942.086994589573
"373","parroti","Literature","Boorman1983",39.239078,26.275033,119,947.223846167841
"374","parroti","Literature","Boorman1986",54.627171,-2.854129,183,707.9836710282
"375","parroti","Literature","Boorman1986",53.022775,-0.869756,29,735.626925982979
"376","parroti","Literature","Boorman1986",52.174859,-2.605028,213,750.004657986593
"377","parroti","Literature","Boorman1986",52.384382,0.690678,38,746.467028320728
"378","parroti","Literature","Boorman1986",50.774943,-3.877127,178,773.381470385971
"379","parroti","Literature","Boorman1986",52.487153,-6.593377,42,744.728169599331
"380","parroti","Literature","Bourquia2019",33.896111,-6.831472,158,1015.14505721385
"381","parroti","Literature","Bourquia2019",31.697088,-8.170166,373,1040.56822596548
"382","parroti","Literature","Calvo2012",43.278368,-4.998124,1054,890.377196351512
"383","parroti","Literature","Cetre2008",43.038056,2.7125,263,893.885862721559
"384","parroti","Literature","DeRegge2015",50.583394,4.755247,157,776.544496927124
"385","parroti","Literature","Dik2006",38.69748,39.377265,1374,954.494128815521
"386","parroti","Literature","Dik2006",39.9036,33.088106,1338,938.187897848944
"387","parroti","Literature","Dik2006",37.743481,32.471877,1031,967.09256457114
"388","parroti","Literature","Dik2006",39.160754,28.978238,917,948.280499197498
"389","parroti","Literature","Dik2006",37.883853,28.339768,60,965.255562428605
"390","parroti","Literature","England2020",51.534934,-0.153926,40,760.746989568624
"391","parroti","Literature","Shevchenko1986",49.114261,33.397129,72,800.512963532687
"392","parroti","Literature","Shevchenko1986",48.470102,34.72126,148,810.857176195572
"393","parroti","Literature","Filipe2020",38.811876,-9.131688,90,952.965586992264
"394","parroti","Literature","Filipe2020",39.794534,-8.775841,71,939.679630096348
"395","parroti","Literature","Fox2010",40.700817,8.574458,234,927.181199117619
"396","parroti","Literature","Fox2010",40.1168,8.876362,252,935.262077107105
"397","parroti","Literature","Gerry2009",41.83874,2.79036,106,911.160147259934
"398","parroti","Literature","Gonzalez2013",43.051294,-2.665112,596,893.69299049068
"399","parroti","Literature","Larska2017",49.875048,22.840402,202,788.16566515262
"400","parroti","Literature","Mesghali1963",38.051881,57.314627,1382,963.049017891107
"401","parroti","Literature","Monteys2009",42.13001,2.795867,157,907.00127332739
"402","parroti","Literature","Patakaki2004",39.685694,21.663103,234,941.164876876547
"403","parroti","Literature","Perrin2006",43.414399,5.311534,182,888.384134290414
"404","parroti","Literature","Perrin2006",44.116735,4.907402,56,878.014415819976
"405","parroti","Literature","Remm1988",41.159832,45.665675,270,920.762286172736
"406","parroti","Literature","Remm1988",38.261395,58.195816,124,960.286078699984
"407","parroti","Literature","Remm1988",37.987643,66.867244,1076,963.893570621147
"408","parroti","Literature","Remm1988",38.524209,69.138905,1008,956.802101123215
"409","parroti","Literature","Savasova2014",48.5,21.616667,120,810.379317884659
"410","parroti","Literature","sghaier2017",35.814131,9.473592,752,991.748458421195
"411","parroti","Literature","Szadwieski1985",47.316378,19.546646,163,829.127203426033
"412","parroti","Literature","Turgut2015",40.844716,37.151722,979,925.175284843591
"413","parroti","Literature","Vilar2011",53.226544,-2.883478,32,732.147576355958
"414","parroti","Literature","Glukhova1989",57.883293,56.239374,118,650.198520811191
"415","parroti","Literature","Glukhova1989",48.808926,44.282537,115,805.428872683065
"416","parroti","Museum","NHM",31.637525,-7.990689,457,1041.23568632937
"417","parroti","Museum","NHM",35.126829,33.394754,165,1000.26153062789
"418","parroti","Museum","NHM",36.255634,28.145724,24,986.204549288708
"419","parroti","Museum","NHM",36.360264,28.001192,34,984.882125369609
"420","parroti","Museum","NHM",37.89023,-4.793086,127,965.171971064984
"421","parroti","Museum","NHM",37.909061,28.330682,78,964.925059673921
"422","parroti","Museum","NHM",40.052338,-8.626982,16,936.14808010357
"423","parroti","Museum","NHM",43.108283,12.387875,428,892.86213949857
"424","parroti","Museum","NHM",50.924156,-2.303625,54,770.911542223184
"425","parroti","Museum","NHM",51.275476,-0.453062,59,765.075512182075
"426","parroti","Museum","NHM",51.842839,-0.538762,209,755.589994214132
"427","parroti","Museum","NHM",52.261165,0.573866,69,748.548661725124
"428","parroti","Museum","NHM",52.665069,-0.594877,64,741.712215678642
"429","puncticollis","Type","holotype",31.065761,30.051709,-4,1047.58549797735
"430","puncticollis","Literature","Kieffer1918",34.292904,9.591643,99,1010.3973264517
"431","puncticollis","Literature","Kieffer1922",34.332225,3.268974,1024,1009.9241977814
"432","puncticollis","Literature","Kieffer1922",31.905582,34.883736,76,1038.22299850013
"433","puncticollis","Literature","Abdigoudarzi2016",34.131793,49.728757,1692,1012.33091752913
"434","puncticollis","Literature","Atev1987",38.059297,58.291419,192,962.951439957257
"435","puncticollis","Literature","Baylis2008",34.242218,-4.547696,676,1011.00650201674
"436","puncticollis","Literature","Baylis2008",31.502648,-7.970045,610,1042.74295187035
"437","puncticollis","Literature","Bobeva2013",44.012665,26.43979,14,879.55933292411
"438","puncticollis","Literature","Boorman1989",24.702169,47.029948,619,1111.07929706919
"439","puncticollis","Literature","Boorman1989",24.101878,56.082683,523,1116.37294011173
"440","puncticollis","Literature","Dik2006",38.69748,39.377265,1374,954.494128815521
"441","puncticollis","Literature","Dik2006",39.9036,33.088106,1338,938.187897848944
"442","puncticollis","Literature","Dik2006",37.743481,32.471877,1031,967.09256457114
"443","puncticollis","Literature","Dik2006",39.160754,28.978238,917,948.280499197498
"444","puncticollis","Literature","Dik2006",37.883853,28.339768,60,965.255562428605
"445","puncticollis","Literature","Dik2006",36.98314,35.286503,18,976.941740536552
"446","puncticollis","Literature","Dik2006",36.965458,30.710454,113,977.16874631446
"447","puncticollis","Literature","Dik2006",37.832564,41.128409,674,965.927436982133
"448","puncticollis","Literature","dik2010",36.235734,36.221785,148,986.45569430436
"449","puncticollis","Literature","El-Hawargry2020",30.156522,32.488884,34,1057.46808229723
"450","puncticollis","Literature","El-Hawargry2020",29.432699,30.819946,-22,1065.14510687691
"451","puncticollis","Literature","El-Hawargry2020",30.024677,31.184335,21,1058.87906602399
"452","puncticollis","Literature","El-Hawargry2020",27.543473,30.796496,45,1084.37876624296
"453","puncticollis","Literature","El-Hawargry2020",28.663857,30.768832,31,1073.11340794092
"454","puncticollis","Literature","Georgiev2004",41.568222,23.341162,509,915.001627288288
"455","puncticollis","Literature","Glukhova1989",47.961227,37.76983,199,818.956534845935
"456","puncticollis","Literature","Glukhova1989",46.882346,43.563405,80,835.913774862526
"457","puncticollis","Literature","Khudaverdiev1967",39.189983,45.40442,816,947.886383902703
"458","puncticollis","Literature","Glukhova1989",43.545337,76.784599,644,886.460962431829
"459","puncticollis","Literature","Remm1988",51.608006,94.424568,780,759.525114391137
"460","puncticollis","Literature","Navi1968",32.649493,51.677405,1576,1029.74335973339
"461","puncticollis","Literature","Navi1968",35.842951,50.971791,1350,991.388361538955
"462","puncticollis","Literature","Navi1968",35.787654,48.926086,1923,992.079059098811
"463","puncticollis","Literature","Navi1968",35.239791,60.642252,897,998.872210346764
"464","puncticollis","Literature","Szadziewski1984",54.144355,21.391558,93,716.361830088699
"465","puncticollis","Literature","Szadziewski1984",54.094928,18.826439,4,717.216661474557
"466","puncticollis","Literature","Saidalieva1985",41.29245,69.245067,448,918.896720803475
"467","puncticollis","Museum","USNM",28.087796,30.765252,43,1078.95717222518
"468","puncticollis","Museum","USNM",29.452078,30.580189,-46,1064.94177822578
"469","puncticollis","Museum","USNM",30.26671,30.21297,96,1056.28457257302
"470","puncticollis","Museum","USNM",30.437359,30.24524,-23,1054.44395341428
"471","puncticollis","Museum","USNM",31.490273,74.30411,212,1042.8809545976
"472","puncticollis","Museum","CNC",31.63023,64.386232,789,1041.3173564451
"473","puncticollis","Museum","USNM",32.388517,48.398148,133,1032.73799477656
"474","puncticollis","Museum","USNM",33.305784,44.409857,41,1022.11830669177
"475","puncticollis","Museum","USNM",33.342738,43.782001,45,1021.68496266902
"476","puncticollis","Museum","USNM",33.425357,43.663187,46,1020.71458737104
"477","puncticollis","Museum","USNM",33.470871,68.397829,2159,1020.17911032947
"478","puncticollis","Museum","USNM",34.05105,71.595758,308,1013.2969533623
"479","puncticollis","Museum","USNM",34.146636,8.144596,3,1012.15311217626
"480","puncticollis","Museum","USNM",34.341191,62.715926,1667,1009.81624807105
"481","puncticollis","Museum","USNM",34.492082,62.596042,1353,1007.99582827212
"482","puncticollis","Museum","USNM",34.831868,5.743913,90,1003.87091323623
"483","puncticollis","Museum","USNM",35.729864,50.796296,1155,992.799908434556
"484","puncticollis","Museum","USNM",35.839019,50.941392,1294,991.437505427184
"485","puncticollis","Museum","USNM",36.118203,50.527346,1560,987.936549119319
"486","puncticollis","Museum","CNC",36.190981,48.318145,1923,987.02005817223
"487","puncticollis","Museum","USNM",36.259832,59.619216,983,986.151553852199
"488","puncticollis","Museum","USNM",37.087932,35.262942,92,975.594486610488
"489","puncticollis","Museum","USNM",37.17601,30.093294,1533,974.459591121019
"490","puncticollis","Museum","USNM",37.353873,35.487819,151,972.160787667992
"491","puncticollis","Museum","USNM",37.354362,35.489833,151,972.154454627619
"492","puncticollis","Museum","USNM",37.860536,32.497548,1021,965.561105890419
"493","puncticollis","Museum","USNM",38.492142,27.003301,1,957.228275105036
"494","puncticollis","Museum","USNM",48.574449,7.739273,139,809.18844448953
"495","puncticollis","Museum","NHM",50.946202,-4.135085,63,770.546170272441
"496","puncticollis","Museum","NHM",51.275476,-0.453062,59,765.075512182075
"497","puncticollis","Museum","NHM",52.261165,0.573866,69,748.548661725124
"498","puncticollis","Museum","NHM",54.127096,-0.976277,94,716.660382106013
"499","riethi","Type","holotype",51.672651,8.613013,101,758.44312154349
"500","riethi","Literature","Kieffer1924",53.599665,10.022679,15,725.752575031687
"501","riethi","Literature","syn",56.532464,21.05595,1,674.436816127647
"502","riethi","Literature","Root1937",53.242995,-104.713281,415,731.866271438865
"503","riethi","Literature","Ander2013",56.630807,16.174052,14,672.684711382466
"504","riethi","Literature","Bobeva2013",44.012665,26.43979,14,879.55933292411
"505","riethi","Literature","Boorman1986",54.316881,-5.948604,199,713.373848965622
"506","riethi","Literature","Boorman1986",51.635819,-3.137634,229,759.059713950904
"507","riethi","Literature","Boorman1986",51.770251,-4.095694,193,756.807717042591
"508","riethi","Literature","Boorman1986",56.471914,-2.996037,103,675.514602885674
"509","riethi","Literature","Boorman1986",55.286139,-1.91098,225,696.467785010364
"510","riethi","Literature","Boorman1986",54.627171,-2.854129,183,707.9836710282
"511","riethi","Literature","Boorman1986",53.970699,-0.994588,19,719.362822440155
"512","riethi","Literature","Boorman1986",53.022775,-0.869756,29,735.626925982979
"513","riethi","Literature","Boorman1986",52.174859,-2.605028,213,750.004657986593
"514","riethi","Literature","Boorman1986",52.384382,0.690678,38,746.467028320728
"515","riethi","Literature","Boorman1986",51.515782,-0.311681,36,761.067035615417
"516","riethi","Literature","Boorman1986",51.001816,-0.173546,79,769.623963629572
"517","riethi","Literature","Boorman1986",50.774943,-3.877127,178,773.381470385971
"518","riethi","Literature","Cambell1960",56.381029,-3.41254,27,677.130934594632
"519","riethi","Literature","Cambell1960",56.122876,-3.918377,8,681.712714504987
"520","riethi","Literature","curtis1940",50.796913,-120.451221,887,773.018129075752
"521","riethi","Literature","curtis1940",50.657243,-120.319999,611,775.326063021197
"522","riethi","Literature","dik2010",36.27127,36.575426,130,986.007133993339
"523","riethi","Literature","Dubrovskaya1972",42.757295,78.258192,1618,897.965181025599
"524","riethi","Literature","Dubrovskaya1972",48.871677,37.755269,66,804.420441180575
"525","riethi","Literature","Dubrovskaya1972",47.096671,37.696303,44,832.568536901727
"526","riethi","Literature","Dzhafarov1964",56.010785,37.77247,172,683.697836887636
"527","riethi","Literature","Dzhafarov1964",51.75868,39.297646,103,757.001717794836
"528","riethi","Literature","Dzhafarov1964",48.659392,44.56097,-6,807.828042329026
"529","riethi","Literature","Dzhafarov1964",50.141496,21.950382,214,783.808341808935
"530","riethi","Literature","Dzhafarov1964",48.601545,135.184821,36,808.754682321455
"531","riethi","Literature","Dzhafarov1964",43.757928,132.021588,24,883.328643777746
"532","riethi","Literature","Grogan2015",50.554395,-111.901895,761,777.022598495189
"533","riethi","Literature","Grogan2015",49.691674,-112.852453,873,791.15455218827
"534","riethi","Literature","Grogan2015",42.52813,-100.663636,901,901.278857146897
"535","riethi","Literature","Grogan2015",44.53555,-109.063404,1490,871.767881835847
"536","riethi","Literature","Grogan2015",49.627248,4.571927,248,792.202735455812
"537","riethi","Literature","Grogan2015",48.786354,6.593836,200,805.791376776321
"538","riethi","Literature","Grogan2015",48.35489,6.086726,290,812.696538216901
"539","riethi","Literature","Grogan2015",50.050209,19.976027,197,785.303105750168
"540","riethi","Literature","Grogan2015",54.78488,18.346755,36,705.236072968887
"541","riethi","Literature","Grogan2015",54.079089,21.380038,98,717.490481335895
"542","riethi","Museum","CNC",30.048967,31.097157,15,1058.61953951342
"543","riethi","Museum","USNM",30.437359,30.24524,-23,1054.44395341428
"544","riethi","Museum","CNC",35.832404,50.917809,1268,991.520172109581
"545","riethi","Museum","CNC",38.580681,45.062549,1070,956.050853427904
"546","riethi","Museum","USNM",41.718263,-102.540559,1166,912.873489788625
"547","riethi","Museum","USNM",45.800606,-100.039788,513,852.61838553828
"548","riethi","Museum","USNM",46.677698,-100.210881,526,839.097056058464
"549","riethi","Museum","USNM",47.017926,-108.367924,932,833.798964775898
"550","riethi","Museum","CNC",47.754685,16.795565,115,822.225504454182
"551","riethi","Museum","USNM",48.502143,-104.502309,595,810.345057941083
"552","riethi","Museum","USNM",48.568294,-102.429626,685,809.286950644684
"553","riethi","Museum","USNM",48.652681,-102.407722,681,807.935586792071
"554","riethi","Museum","CNC",48.781288,6.624318,215,805.872719054757
"555","riethi","Museum","USNM",48.8103,6.514418,220,805.406802341853
"556","riethi","Museum","USNM",49.771622,9.944056,182,789.852441957722
"557","riethi","Museum","USNM",50.565065,-111.897621,760,776.846707163388
"558","riethi","Museum","USNM",50.677215,-120.318518,351,774.996323835935
"559","riethi","Museum","CNC",50.703779,-1.500378,1,774.557604336538
"560","riethi","Museum","NHM",50.721439,-1.569077,1,774.265847296833
"561","riethi","Museum","NHM",50.946202,-4.135085,63,770.546170272441
"562","riethi","Museum","NHM",51.170028,-0.851411,119,766.830216182064
"563","riethi","Museum","NHM",51.465269,0.365008,1,761.910742374864
"564","riethi","Museum","NHM",51.809749,-0.353983,111,756.145256448234
"565","riethi","Museum","NHM",53.064005,-2.523797,40,734.923674384474
"566","riethi","Museum","CNC",56.069101,-3.770784,15,682.665391403436
"567","riethi","Museum","USNM",56.103659,-3.925961,20,682.053231516815
"568","riethi","Museum","USNM",60.334995,-151.256097,59,605.293251434576
"569","riethi","Museum","CNC",49.535892,-100.056708,409,793.687340728281
"570","riethi","Museum","CNC",50.562773,-111.896621,760,776.884492278414
"571","riethi","Museum","CNC",50.676622,-120.317829,351,775.006115666109
"572","riethi","Museum","CNC",53.71325,-111.758799,612,723.79969387022
"573","riethi","Museum","CNC",58.768689,-94.165475,8,634.114703034512
"574","shemanchuki","Museum","USNM",48.355769,-99.803539,471,812.682517393629
"575","shemanchuki","Museum","CNC",49.282768,-112.207872,1010,797.790248068219
"576","shemanchuki","Type","CNC",49.724595,-113.413671,943,790.618555443291
"577","shemanchuki","Museum","CNC",53.000625,-111.522011,698,736.00457669093
"578","shemanchuki","Museum","CNC",55.305486,-115.329089,594,696.128284284314
"579","sonorensis","Literature","Akey1979",40.027049,-104.834625,1505,936.495343178696
"580","sonorensis","Literature","Anderson1989",38.538276,-122.860875,20,956.615054553737
"581","sonorensis","Literature","Barnard 1980",40.02965,-104.833689,1505,936.459635225625
"582","sonorensis","Literature","Barnard 1980a",40.02965,-104.833689,1505,936.459635225625
"583","sonorensis","Literature","Foster1977",37.162489,-86.103753,233,974.63396049738
"584","sonorensis","Literature","Gerry1998",34.037466,-117.353017,294,1013.45927910855
"585","sonorensis","Literature","Hensleigh1977",38.7764276126355,-90.4975849628246,162,953.439649394844
"586","sonorensis","Literature",NA,33.5848170313433,-101.874642983683,985,1018.83570064986
"587","sonorensis","Literature",NA,33.4296793067472,-104.461051086775,1084,1020.66376264727
"588","sonorensis","Literature",NA,33.47502,-104.413748,1070,1020.13026488217
"589","sonorensis","Literature",NA,33.4682963159278,-104.258425423701,1193,1020.20941894238
"590","sonorensis","Literature",NA,33.141061,-107.242692,1335,1024.04476980322
"591","sonorensis","Literature","Jones1977",38.7764276126355,-90.4975849628246,162,953.439649394844
"592","sonorensis","Literature","Lillie1981",41.2084941754878,-101.472952589546,976,920.078317508046
"593","sonorensis","Literature","Linhares1990",37.986494769859,-121.867907737452,86,963.908655665171
"594","sonorensis","Literature",NA,38.52081,-123.094346,161,956.84728841226
"595","sonorensis","Literature","Mullens1983",42.0802451714257,-77.9331506865078,495,907.713499457639
"596","sonorensis","Literature","Mullens1985",33.942677,-117.650228,161,1014.59040018375
"597","sonorensis","Literature","Mullens1989",33.942677,-117.650228,161,1014.59040018375
"598","sonorensis","Literature","Mullens1992",33.942677,-117.650228,161,1014.59040018375
"599","sonorensis","Literature","Mullens1995a",33.942677,-117.650228,161,1014.59040018375
"600","sonorensis","Literature","Nelson1971",37.9897536001518,-121.868522344335,86,963.865841288404
"601","sonorensis","Literature",NA,35.7194067065542,-119.625462623812,69,992.930240632642
"602","sonorensis","Literature","Nelson1972",37.9897536001518,-121.868522344335,86,963.865841288404
"603","sonorensis","Literature","Parker1977",40.003012,-104.826109,1510,936.825244945097
"604","sonorensis","Literature","Pfannenstiel2015",39.107207,-96.587272,381,949.001871045853
"605","sonorensis","Literature","Price1954",29.8835182463164,-101.171722462274,517,1060.38350874316
"606","sonorensis","Literature","Raich1997",40.578382,-104.218838,1495,928.883306450224
"607","sonorensis","Literature","Smith1996",33.885909878794,-83.3577454092031,206,1015.26647530542
"608","sonorensis","Literature",NA,33.3337418197402,-88.9164680244489,93,1021.79049623828
"609","sonorensis","Literature",NA,35.631402,-80.352255,213,994.025757247867
"610","sonorensis","Museum","USNM",18.232638,-99.664066,614,1161.59086752239
"611","sonorensis","Museum","USNM",18.600247,-98.463583,1287,1159.11193056706
"612","sonorensis","Museum","USNM",18.794896,-99.230716,1136,1157.78000535249
"613","sonorensis","Museum","USNM",21.503723,-104.897281,948,1137.86453572493
"614","sonorensis","Museum","USNM",23.226111,-106.412476,6,1123.875904246
"615","sonorensis","Museum","USNM",23.267141,-106.460292,6,1123.53023678418
"616","sonorensis","Museum","USNM",24.022369,-104.618202,1872,1117.06490935602
"617","sonorensis","Museum","USNM",25.687916,-100.31904,543,1102.12222800852
"618","sonorensis","Museum","USNM",25.721189,-103.155477,1143,1101.81418366333
"619","sonorensis","Museum","USNM",26.114838,-97.629699,14,1098.14157265924
"620","sonorensis","Museum","USNM",26.168012,-97.458005,10,1097.64149960834
"621","sonorensis","Museum","USNM",26.186606,-97.9792,23,1097.46640985941
"622","sonorensis","Museum","USNM",26.413154,-111.667228,172,1095.3238509772
"623","sonorensis","Museum","USNM",26.500896,-100.161791,297,1094.48943595989
"624","sonorensis","Museum","USNM",26.891502,-111.98049,29,1090.74370391274
"625","sonorensis","Museum","USNM",28.040593,-97.514659,18,1079.43118923275
"626","sonorensis","Museum","USNM",28.149306,-109.727037,115,1078.33838411929
"627","sonorensis","Museum","USNM",28.256772,-96.857889,9,1077.25429847531
"628","sonorensis","Museum","USNM",28.296777,-96.811431,10,1076.84977153242
"629","sonorensis","Museum","USNM",28.707132,-100.511305,217,1072.67002321377
"630","sonorensis","Museum","USNM",29.064679,-110.932007,237,1068.98329641297
"631","sonorensis","Museum","USNM",29.564239,-95.652175,25,1063.76256849092
"632","sonorensis","Museum","USNM",29.679627,-98.631311,366,1062.54517751882
"633","sonorensis","Museum","USNM",29.919156,-91.779476,4,1060.00429543873
"634","sonorensis","Museum","USNM",29.951926,-101.125496,463,1059.65523533011
"635","sonorensis","Museum","USNM",30.044243,-99.158849,531,1058.67002799705
"636","sonorensis","Museum","CNC",30.045734,-99.141272,499,1058.65409348025
"637","sonorensis","Museum","USNM",30.047094,-102.11186,643,1058.6395583528
"638","sonorensis","Museum","USNM",30.151057,-102.404459,876,1057.52667912904
"639","sonorensis","Museum","USNM",30.182139,-110.289294,873,1057.19328342561
"640","sonorensis","Museum","USNM",30.250857,-98.845914,497,1056.4550875282
"641","sonorensis","Museum","USNM",30.253769,-98.847848,501,1056.42377210347
"642","sonorensis","Museum","USNM",30.264333,-89.793608,12,1056.31014475183
"643","sonorensis","Museum","USNM",30.411142,-91.170039,14,1054.72733836576
"644","sonorensis","Museum","USNM",30.535262,-83.87331,65,1053.38374862775
"645","sonorensis","Museum","USNM",30.551881,-100.638807,659,1053.20347379593
"646","sonorensis","Museum","USNM",30.584301,-103.907621,1511,1052.8515423822
"647","sonorensis","Museum","USNM",30.612524,-103.365201,1079,1052.54489653572
"648","sonorensis","Museum","USNM",30.76539,-85.234598,42,1050.87955555949
"649","sonorensis","Museum","USNM",30.91289,-94.016801,70,1049.26558110642
"650","sonorensis","Museum","USNM",30.943608,-103.786668,1012,1048.92858336862
"651","sonorensis","Museum","USNM",30.944647,-103.787215,1015,1048.91717954698
"652","sonorensis","Museum","USNM",30.965259,-87.420012,90,1048.69087575208
"653","sonorensis","Museum","USNM",31.365047,-110.773415,1361,1044.27470372709
"654","sonorensis","Museum","USNM",31.404857,-111.087532,1172,1043.83216411898
"655","sonorensis","Museum","CNC",31.463329,-110.288152,1545,1043.18125867442
"656","sonorensis","Museum","USNM",31.50281,-95.470459,141,1042.74114496662
"657","sonorensis","Museum","USNM",31.538822,-110.756596,1239,1042.3392700933
"658","sonorensis","Museum","USNM",31.568676,-110.14183,1238,1042.00580306151
"659","sonorensis","Museum","USNM",31.623637,-96.296295,148,1041.39115289942
"660","sonorensis","Museum","USNM",31.755839,-111.518068,1143,1039.90876317708
"661","sonorensis","Museum","USNM",31.756641,-111.519398,1143,1039.89975339531
"662","sonorensis","Museum","USNM",31.792733,-96.46078,143,1039.49407987084
"663","sonorensis","Museum","USNM",31.793061,-96.451939,143,1039.49039126434
"664","sonorensis","Museum","USNM",31.8216,-116.607541,5,1039.16931834279
"665","sonorensis","Museum","USNM",31.829166,-102.390947,882,1039.08415517211
"666","sonorensis","Museum","USNM",31.883794,-109.205731,1673,1038.46872281329
"667","sonorensis","Type","USNM",31.894491,-110.223107,1108,1038.34810117881
"668","sonorensis","Museum","USNM",31.913903,-109.141836,1479,1038.12911492943
"669","sonorensis","Museum","USNM",31.929646,-96.432444,117,1037.95143106051
"670","sonorensis","Museum","CNC",31.942778,-113.020951,326,1037.80315638012
"671","sonorensis","Museum","CNC",31.947492,-112.806977,560,1037.74991685289
"672","sonorensis","Museum","USNM",32.013562,-109.341694,1938,1037.00298869513
"673","sonorensis","Museum","USNM",32.244591,-104.028203,903,1034.38034748438
"674","sonorensis","Museum","USNM",32.272594,-106.76392,1180,1034.06131379703
"675","sonorensis","Museum","USNM",32.310199,-110.823395,835,1033.63249750383
"676","sonorensis","Museum","USNM",32.321396,-106.744307,1251,1033.50473014948
"677","sonorensis","Museum","USNM",32.442854,-110.790575,2750,1032.11625521449
"678","sonorensis","Museum","USNM",32.599889,-110.351372,1723,1030.31419970284
"679","sonorensis","Museum","USNM",32.699992,-109.871139,3228,1029.16142732183
"680","sonorensis","Museum","USNM",32.96307,-107.286052,1323,1026.11688969914
"681","sonorensis","Museum","USNM",33.041161,-104.268423,1028,1025.20899485293
"682","sonorensis","Museum","USNM",33.278487,-91.002069,35,1022.43813410884
"683","sonorensis","Museum","USNM",33.318246,-108.882757,1446,1021.97221756353
"684","sonorensis","Museum","USNM",33.319579,-108.882587,1446,1021.95658825206
"685","sonorensis","Museum","CNC",33.328909,-104.330317,1093,1021.84717931194
"686","sonorensis","Museum","USNM",33.468725,-104.418868,1073,1020.204372711
"687","sonorensis","Museum","USNM",33.48131,-117.724902,27,1020.05620361639
"688","sonorensis","Museum","USNM",33.660064,-93.611349,108,1017.94633868608
"689","sonorensis","Museum","USNM",33.671889,-117.029646,628,1017.80641650133
"690","sonorensis","Museum","USNM",33.714685,-116.198672,-8,1017.29966010945
"691","sonorensis","Museum","USNM",33.988858,-112.756419,665,1014.03966708629
"692","sonorensis","Museum","USNM",33.993545,-117.376185,255,1013.98373527823
"693","sonorensis","Museum","USNM",34.089761,-103.074693,1185,1012.83405321325
"694","sonorensis","Museum","USNM",34.173101,-103.363531,1228,1011.83591753644
"695","sonorensis","Museum","USNM",34.227454,-114.193022,117,1011.18379608654
"696","sonorensis","Museum","CNC",34.22936,-111.340574,1510,1011.16091158538
"697","sonorensis","Museum","USNM",34.474417,-104.242995,1238,1008.20930867613
"698","sonorensis","Museum","USNM",34.483809,-93.044844,161,1008.09581888238
"699","sonorensis","Museum","CNC",34.768403,-112.045648,1050,1004.64404778643
"700","sonorensis","Museum","USNM",34.774688,-111.762328,1238,1004.56753850305
"701","sonorensis","Museum","USNM",34.870676,-111.756019,1318,1003.39754486764
"702","sonorensis","Museum","USNM",34.938212,-101.647221,875,1002.57266347635
"703","sonorensis","Museum","USNM",35.174191,-103.693471,1223,999.679498148284
"704","sonorensis","Museum","USNM",35.280776,-120.727435,54,998.367175403978
"705","sonorensis","Museum","USNM",35.357304,-119.100409,116,997.422796921473
"706","sonorensis","Museum","USNM",35.401974,-119.468404,84,996.870733148779
"707","sonorensis","Museum","USNM",35.502429,-119.20291,122,995.627025514669
"708","sonorensis","Museum","USNM",35.586461,-94.81234,226,994.584295791131
"709","sonorensis","Museum","USNM",35.606081,-97.416344,316,994.340528518289
"710","sonorensis","Museum","USNM",35.661109,-105.248322,2016,993.65621509651
"711","sonorensis","Museum","USNM",35.678541,-106.318324,1664,993.439244234414
"712","sonorensis","Museum","USNM",35.682841,-118.4115,842,993.385709287169
"713","sonorensis","Museum","USNM",35.685131,-118.246832,823,993.357196531942
"714","sonorensis","Museum","USNM",36.040473,-87.860291,115,988.913640039642
"715","sonorensis","Museum","USNM",36.147456,-97.068273,284,987.568358560402
"716","sonorensis","Museum","USNM",36.291944,-88.290543,134,985.745997737905
"717","sonorensis","Museum","USNM",36.414525,-97.847061,383,984.195024247343
"718","sonorensis","Museum","USNM",36.688026,-119.535999,109,980.718285939078
"719","sonorensis","Museum","USNM",36.6907,-108.467183,1634,980.684183674428
"720","sonorensis","Museum","USNM",36.755361,-98.161873,354,979.858893822841
"721","sonorensis","Museum","USNM",36.80769,-118.199901,1192,979.190087691296
"722","sonorensis","Museum","USNM",36.874634,-81.764787,522,978.33329952341
"723","sonorensis","Museum","CNC",36.956601,-109.644169,1503,977.282419632941
"724","sonorensis","Museum","USNM",36.990075,-108.985961,1422,976.852681931393
"725","sonorensis","Museum","USNM",37.017716,-112.517206,1497,976.49757667783
"726","sonorensis","Museum","USNM",37.049209,-113.607967,777,976.092707620857
"727","sonorensis","Museum","USNM",37.056768,-113.595776,772,975.995486414858
"728","sonorensis","Museum","USNM",37.520777,-120.442212,82,969.995103902413
"729","sonorensis","Museum","USNM",37.81891,-96.275303,326,966.106170928472
"730","sonorensis","Museum","USNM",37.9626,-98.600863,572,964.222488892561
"731","sonorensis","Museum","USNM",38.373417,-95.123625,273,958.803532338055
"732","sonorensis","Museum","USNM",38.389128,-113.004183,1514,958.595313149182
"733","sonorensis","Museum","USNM",38.572104,-109.553136,1232,956.165013198053
"734","sonorensis","Museum","USNM",38.63239,-112.113924,1651,955.362153401348
"735","sonorensis","Museum","USNM",38.740526,-112.10421,1614,953.919400934961
"736","sonorensis","Museum","USNM",38.805613,-112.430936,1533,953.049370591595
"737","sonorensis","Museum","USNM",38.970001,-109.31965,1334,950.846491612441
"738","sonorensis","Museum","USNM",38.987149,-95.217508,252,950.616248949711
"739","sonorensis","Museum","USNM",39.080724,-92.879699,200,949.358337119894
"740","sonorensis","Museum","USNM",39.139567,-109.142207,1409,948.566024243811
"741","sonorensis","Museum","USNM",39.317304,-121.814253,21,946.166748459278
"742","sonorensis","Museum","USNM",39.354073,-112.606037,1412,945.669265517872
"743","sonorensis","Museum","USNM",39.52931,-110.7063,1636,943.29296917081
"744","sonorensis","Museum","USNM",39.533238,-119.846764,1453,943.23960244518
"745","sonorensis","Museum","USNM",39.708105,-111.829439,1576,940.85933052975
"746","sonorensis","Museum","USNM",39.71251,-104.888768,1647,940.799256858347
"747","sonorensis","Museum","USNM",40.081557,-104.82379,1495,935.746624034952
"748","sonorensis","Museum","USNM",40.328127,-104.646562,1426,932.34918048664
"749","sonorensis","Museum","USNM",40.520186,-112.308255,1565,929.690868099392
"750","sonorensis","Museum","USNM",40.537676,-105.062178,1526,929.448267429127
"751","sonorensis","Museum","USNM",40.569963,-103.328979,1237,929.000192714913
"752","sonorensis","Museum","USNM",40.698541,-111.904603,1297,927.212879010945
"753","sonorensis","Museum","USNM",40.709942,-112.064623,1297,927.054172552051
"754","sonorensis","Museum","USNM",40.749237,-112.593256,1282,926.506889266174
"755","sonorensis","Museum","USNM",40.826151,-96.729162,350,925.434404214649
"756","sonorensis","Museum","USNM",40.974935,-81.771868,290,923.355035918398
"757","sonorensis","Museum","USNM",41.169643,-112.130362,1292,920.624441614185
"758","sonorensis","Museum","USNM",41.284521,-112.124439,1286,919.008398186398
"759","sonorensis","Museum","USNM",41.290267,-105.594505,2187,918.927469403212
"760","sonorensis","Museum","CNC",41.316446,-105.553264,2226,918.558637750174
"761","sonorensis","Museum","USNM",41.323039,-120.121698,1418,918.465719818949
"762","sonorensis","Museum","USNM",41.469932,-120.469733,1351,916.392343076681
"763","sonorensis","Museum","USNM",41.49211,-112.087086,1284,916.078779625262
"764","sonorensis","Museum","USNM",41.495404,-81.696078,182,916.032195728103
"765","sonorensis","Museum","USNM",41.549878,-112.102255,1288,915.261383021002
"766","sonorensis","Museum","USNM",41.738232,-111.850505,1368,912.589783010068
"767","sonorensis","Museum","USNM",41.923175,-111.933064,1354,909.956968168793
"768","sonorensis","Museum","USNM",41.943317,-103.809261,1204,909.66965732662
"769","sonorensis","Museum","USNM",42.122157,-105.010225,1388,907.113709667452
"770","sonorensis","Museum","USNM",42.204664,-121.762038,1262,905.931554459698
"771","sonorensis","Museum","USNM",42.209585,-104.518856,1287,905.860987286767
"772","sonorensis","Museum","USNM",43.088638,-75.37841,162,893.148646643273
"773","sonorensis","Museum","USNM",43.405313,-103.267711,909,888.517414270129
"774","sonorensis","Museum","USNM",43.857875,-104.110518,1367,881.851818086132
"775","sonorensis","Museum","USNM",43.878304,-117.481808,783,881.549626933575
"776","sonorensis","Museum","USNM",43.921383,-123.009755,164,880.912023719876
"777","sonorensis","Museum","USNM",44.040639,-116.999812,653,879.144344403892
"778","sonorensis","Museum","USNM",44.390378,-104.832551,1332,873.938382049923
"779","sonorensis","Museum","USNM",44.574103,-123.253055,64,871.190525939659
"780","sonorensis","Museum","USNM",45.668626,-108.772473,1006,854.63578395786
"781","sonorensis","Museum","USNM",46.269576,-106.685016,779,845.413355669607
"782","sonorensis","Museum","USNM",46.286603,-120.016372,208,845.150692565847
"783","sonorensis","Museum","USNM",46.413164,-105.852137,715,843.195990683564
"784","sonorensis","Museum","USNM",46.426601,-120.317181,238,842.988217940889
"785","sonorensis","Museum","USNM",46.548592,-120.6496,403,841.099783889815
"786","sonorensis","Museum","USNM",46.555201,-120.361479,335,840.997366888095
"787","sonorensis","Museum","USNM",46.589892,-101.892709,653,840.459590993242
"788","sonorensis","Museum","USNM",46.620928,-120.542943,347,839.978213355836
"789","sonorensis","Museum","USNM",46.656912,-118.877247,254,839.41978223221
"790","sonorensis","Museum","USNM",46.690122,-100.288713,522,838.904106664214
"791","sonorensis","Museum","USNM",46.819847,-119.146009,334,836.887074155971
"792","sonorensis","Museum","USNM",47.240294,-119.449745,325,830.320311364943
"793","sonorensis","Museum","USNM",47.60854,-114.678487,885,824.532109763005
"794","sonorensis","Museum","CNC",49.027039,-119.141337,1109,801.919567848152
"795","sonorensis","Museum","CNC",49.027787,-119.483882,330,801.907512961133
"796","sonorensis","Museum","CNC",49.066393,-119.5833,759,801.285147005762
"797","sonorensis","Museum","CNC",49.11268,-119.661122,1724,800.538476387048
"798","stigma","Literature","Sweden",55.455895,13.408298,52,693.486206323812
"799","stigma","Literature",NA,68.393783,20.507121,653,450.336931375876
"800","stigma","Literature","Sweden",55.455895,13.408298,52,693.486206323812
"801","stigma","Literature",NA,68.393783,20.507121,653,450.336931375876
"802","stigma","Literature","France",49.898448,4.725847,221,787.783677605235
"803","stigma","Literature","Germany",52.414952,12.49822,32,745.950042522334
"804","stigma","Literature","Lithuania",55.4346211145587,25.1757084544997,128,693.860193063004
"805","stigma","Literature","Bulgaria",44.0116164754273,26.4395716041092,14,879.574883493847
"806","stigma","Literature","Morocco",34.008503,-6.818811,31,1013.80519022155
"807","stigma","Literature","Egypt",29.965879,31.208511,21,1059.50650527555
"808","stigma","Literature","Netherlands",52.2827045556771,5.66967487258331,45,748.185020947485
"809","stigma","Literature","Belgium",50.548378,4.704828,163,777.121774817473
"810","stigma","Literature",NA,49.934702,5.381964,529,787.191598623966
"811","stigma","Literature","Italy",40.649448,8.377371,44,927.895853629076
"812","stigma","Literature",NA,39.300109,8.667421,107,946.399262339413
"813","stigma","Literature","Spain",43.121999,-2.254462,361,892.662040008792
"814","stigma","Literature","Spain",42.788718,-2.546056,895,897.509690163106
"815","stigma","Literature","Spain",43.268041,-2.750222,261,890.528297857058
"816","stigma","Literature","Canada",49.7319706173082,-113.408836838213,936,790.498434994018
"817","stigma","Literature","Switzerland",47.40743,7.564248,528,827.697453839886
"818","stigma","Literature","Germany",49.9109826017921,9.3963403187215,405,787.579005530761
"819","stigma","Literature","Poland",49.7485205171552,22.7934283059334,218,790.228853083015
"820","stigma","Literature","Poland",49.74618189597,22.8599141366195,251,790.266950967828
"821","stigma","Literature","Denmark",55.6741937714393,11.5547129714788,10,689.64308296133
"822","stigma","Literature","Denmark",55.6812628922547,11.551124971484,8,689.518464304201
"823","stigma","Literature","Denmark",55.5911943941224,11.4525505100429,37,691.105459505423
"824","stigma","Literature","Denmark",55.5941807625655,11.4591943714205,39,691.052867435139
"825","stigma","Literature","Netherlands",50.835721,5.910159,148,772.376042139463
"826","stigma","Literature","Czech Republic",49.4408635520793,13.3524999671014,401,795.229484948502
"827","stigma","Literature","Czech Republic",49.8612198572052,15.7626921366974,474,788.391337475835
"828","stigma","Literature","Czech Republic",49.9702716282323,15.0316669674586,310,786.610390094575
"829","stigma","Literature","Czech Republic",49.6152776596418,16.1713889672188,621,792.397377434836
"830","stigma","Literature","Czech Republic",48.9322070253853,14.392692136073,447,803.446787267391
"831","stigma","Literature","Czech Republic",49.6537770847653,15.6162602212134,482,791.771239906338
"832","stigma","Literature","Czech Republic",50.0888281689659,15.6644878828831,220,784.670985593405
"833","stigma","Literature","UK",53.811427,-2.76588,26,722.109432179766
"834","stigma","Literature","UK",50.630563,-3.453781,8,775.766404789243
"835","stigma","Literature","Germany",48.008499,7.842576,260,818.206856044307
"836","stigma","Literature","Romania",45.324835,25.565798,809,859.869530597549
"837","stigma","Literature","Russia",56.0126728196124,37.4565262862018,190,683.664425400638
"838","stigma","Literature","Russia",57.349679,29.262339,187,659.817239458295
"839","stigma","Literature","Russia",56.1423446075813,40.5748894784885,135,681.367660914056
"840","stigma","Literature","Belgium",50.5559591816204,4.68474247579445,140,776.996815177084
"841","stigma","Literature","Belgium",50.5528214249465,4.68079005251145,147,777.048536066392
"842","stigma","Literature","Belgium",49.583772547461,5.51678579788529,281,792.909496401196
"843","stigma","Literature","Belgium",50.2837383058561,5.84999996767183,465,781.475254454423
"844","stigma","Literature","Belgium",50.1505495291154,4.14991413689352,239,783.659987776115
"845","stigma","Literature","Belgium",50.4672458793962,4.66674288314067,95,778.458212757527
"846","stigma","Literature","Belgium",51.2339713318888,5.45004288366684,39,765.766478844019
"847","stigma","Literature","Belgium",49.7338265678541,5.79961372920449,331,790.46820663218
"848","stigma","Literature","Belgium",49.8171425912542,5.41669996735521,434,789.110362455511
"849","stigma","Literature","Belgium",50.3008219280195,5.29991413699556,211,781.194721139253
"850","stigma","Literature","Belgium",50.2173036830079,4.68317122159504,298,782.565529026291
"851","stigma","Literature","Belgium",50.3171928040789,4.56669996769456,234,780.925826794775
"852","stigma","Museum","USNM",47.855766,15.045875,642,820.627013445478
"853","stigma","Museum","USNM",47.859668,15.029916,621,820.565256136226
"854","stigma","Museum","CNC",50.732143,-2.822077,28,774.088973022861
"855","stigma","Museum","NHM",50.946202,-4.135085,63,770.546170272441
"856","stigma","Museum","NHM",51.275476,-0.453062,59,765.075512182075
"857","stigma","Museum","NHM",51.562022,-3.03536,18,760.294181156968
"858","stigma","Museum","NHM",51.798145,-0.556498,175,756.339916068614
"859","stigma","Museum","NHM",51.799758,-4.982637,54,756.312859499548
"860","stigma","Museum","NHM",51.842839,-0.538762,209,755.589994214132
"861","stigma","Museum","NHM",52.008227,-4.377639,155,752.810949430355
"862","stigma","Museum","NHM",52.053122,-4.494104,51,752.055487108839
"863","stigma","Museum","NHM",52.130585,-0.280564,44,750.75090736707
"864","stigma","Museum","NHM",52.261165,0.573866,69,748.548661725124
"865","stigma","Museum","NHM",52.405047,-0.238248,41,746.11757459525
"866","stigma","Museum","NHM",52.665069,-0.594877,64,741.712215678642
"867","stigma","Museum","NHM",52.822442,-1.251559,52,739.038535874485
"868","stigma","Museum","NHM",53.160801,-3.341775,37,733.271150142179
"869","stigma","Museum","NHM",53.224988,-4.168699,18,732.174180152477
"870","stigma","Museum","NHM",54.230364,-0.520353,30,714.873048767224
"871","stigma","Museum","USNM",54.367224,-110.24705,511,712.50073729552
"872","stigma","Museum","USNM",55.851326,-3.199152,163,686.517331731854
"873","stigma","Museum","NHM",56.376852,-3.990009,76,677.205178952935
"874","stigma","Museum","ZICN",59.952306,40.208333,165,612.377662923734
"875","stigma","Museum","ZICN",55.9894024262121,92.7594854682775,260,684.076223545039
"876","stigma","Museum","ZICN",55.9894024262121,92.7594854682775,260,684.076223545039
"877","stigma","Museum","ZICN",48.607917,39.412361,36,808.65265086209
"878","stigma","Museum","ZICN",48.851972,27.809722,251,804.73721171318
"879","stigma","Museum","ZICN",60.025778,31.977222,34,611.019644558949
"880","stigma","Museum","ZICN",61.493667,34.653083,118,583.680356909016
"881","stigma","Museum","ZICN",49.726167,36.786028,128,790.592954705624
"882","stigma","Museum","ZICN",61.493667,34.653083,118,583.680356909016
"883","taonanensis","Type","Ren2006",45.360529,122.791552,147,859.327575419975
"884","variipennis","Type","Coquillet1901",39.86652,-75.124235,7,938.695435130395
"885","variipennis","Literature",NA,37.533918,-77.464422,52,969.824241424883
"886","variipennis","Literature",NA,19.451335,-99.030391,2235,1153.18976052694
"887","variipennis","Literature","DasGupta1965",39.5638246158783,-75.4804374854276,4,942.823893892293
"888","variipennis","Literature","Downes1978",43.21915,-79.977634,242,891.24326323834
"889","variipennis","Literature",NA,50.640724,-120.205465,940,775.598721741487
"890","variipennis","Literature","Hensleigh",38.7759926752042,-90.4976278632738,162,953.445463683497
"891","variipennis","Literature",NA,38.9089475206226,-92.5710992472225,187,951.665552507812
"892","variipennis","Literature",NA,33.5850663523418,-101.885584480802,986,1018.83275676594
"893","variipennis","Literature",NA,33.4396045186993,-104.496778400565,1086,1020.54703303958
"894","variipennis","Literature",NA,34.451106,-108.764819,1920,1008.49087395023
"895","variipennis","Literature",NA,33.12147484621,-104.256178873534,1053,1024.27327042678
"896","variipennis","Literature",NA,33.131216,-107.244026,1304,1024.15964083216
"897","variipennis","Literature",NA,33.242984,-107.390217,1493,1022.85376054493
"898","variipennis","Literature",NA,33.4325698361795,-104.491555442271,1084,1020.62977052742
"899","variipennis","Literature","Hoffman1925",39.878107,-75.133162,1,938.536878795744
"900","variipennis","Literature",NA,19.450015,-99.057145,2234,1153.19914290847
"901","variipennis","Literature",NA,37.532753,-77.478769,37,969.839391099204
"902","variipennis","Literature","Jones1955",39.878107,-75.133162,1,938.536878795744
"903","variipennis","Literature",NA,37.532753,-77.478769,37,969.839391099204
"904","variipennis","Literature",NA,19.450015,-99.057145,2234,1153.19914290847
"905","variipennis","Literature",NA,43.251838,-89.496333,323,890.765316890675
"906","variipennis","Literature",NA,42.945966,-91.104593,314,895.226255113374
"907","variipennis","Literature",NA,45.523078,-91.039049,373,856.85531950381
"908","variipennis","Literature",NA,45.882738,-91.798916,328,851.360661222522
"909","variipennis","Literature",NA,43.375957,-90.376411,248,888.947876445284
"910","variipennis","Literature",NA,45.8875755341629,-92.308470416515,296,851.286527302962
"911","variipennis","Literature","Jones1980",42.556716,-76.527747,197,900.86629579957
"912","variipennis","Literature","Malloch1915",40.107953,-88.183779,224,935.383745503525
"913","variipennis","Literature","Mullens1984",42.3341576782006,-76.5997425453508,441,904.072389999797
"914","variipennis","Literature","Schmidtmann1983",42.086282,-78.4858,446,907.627137834248
"915","variipennis","Literature",NA,42.913648,-76.72568,147,895.696103442345
"916","variipennis","Literature",NA,43.037716,-74.990931,127,893.89081575364
"917","variipennis","Literature",NA,42.724066,-74.955404,537,898.446556865889
"918","variipennis","Literature",NA,44.192361,-74.944735,485,876.889931706557
"919","variipennis","Literature",NA,42.825465,-78.080252,291,896.976683041792
"920","variipennis","Literature","Schmidtmann2000",38.748677,-75.372886,17,953.810512367289
"921","variipennis","Literature",NA,38.408882,-75.515809,24,958.333409461437
"922","variipennis","Literature",NA,30.03675,-91.665634,12,1058.75009583742
"923","variipennis","Literature",NA,38.842275,-76.095104,3,952.55876108789
"924","variipennis","Literature",NA,30.498645,-91.371115,15,1053.78063926747
"925","variipennis","Literature",NA,43.395868,-89.890117,422,888.655936633887
"926","variipennis","Literature",NA,43.148629,-71.92994,328,892.273395150863
"927","variipennis","Literature",NA,43.183048,-72.703855,649,891.770790136155
"928","variipennis","Literature",NA,38.713507,-76.040357,22,954.280207554685
"929","variipennis","Literature",NA,37.587697114253,-75.8103439630837,11,969.124460796534
"930","variipennis","Literature",NA,38.836212,-92.79032,243,952.639922847058
"931","variipennis","Literature",NA,39.185208,-93.156279,217,947.950785468019
"932","variipennis","Literature",NA,38.357211,-75.463624,15,959.018236267199
"933","variipennis","Literature",NA,38.71214,-76.787007,54,954.298456575087
"934","variipennis","Literature",NA,32.712055,-87.359734,92,1029.02229931089
"935","variipennis","Literature",NA,37.710239,-84.363037,263,967.526742000215
"936","variipennis","Literature","Schmidtmann2006",37.3840771855945,-88.6653779690796,155,971.769480298729
"937","variipennis","Literature","Vaughan1987",36.8959610682274,-81.7600390478867,595,978.060062751433
"938","variipennis","Museum","USNM",29.590141,-82.080068,53,1063.4896670782
"939","variipennis","Museum","USNM",29.922653,-91.781278,4,1059.96706255272
"940","variipennis","Museum","USNM",29.948222,-90.00401,4,1059.69470704564
"941","variipennis","Museum","USNM",30.003192,-91.812142,14,1059.10846390136
"942","variipennis","Museum","USNM",30.273374,-89.778697,8,1056.21287041084
"943","variipennis","Museum","USNM",30.314613,-87.459097,10,1055.76883634677
"944","variipennis","Museum","USNM",30.442605,-85.047768,26,1054.38722181017
"945","variipennis","Museum","USNM",30.537333,-83.875314,65,1053.36128826023
"946","variipennis","Museum","USNM",30.967149,-87.422533,89,1048.67011822264
"947","variipennis","Museum","USNM",31.983113,-81.061333,15,1037.34738914813
"948","variipennis","Museum","USNM",32.019238,-81.123626,14,1036.93875659634
"949","variipennis","Museum","USNM",32.843469,-83.627616,104,1027.50368868396
"950","variipennis","Museum","USNM",32.999412,-91.316248,41,1025.69461049656
"951","variipennis","Museum","USNM",33.018241,-87.099441,77,1025.47566290723
"952","variipennis","Museum","USNM",33.276477,-91.019164,36,1022.46167525721
"953","variipennis","Museum","USNM",33.64497,-91.79395,89,1018.12487911056
"954","variipennis","Museum","USNM",33.677288,-93.608885,101,1017.74251710633
"955","variipennis","Museum","USNM",34.263706,-85.864958,242,1010.74834258212
"956","variipennis","Museum","USNM",34.733109,-93.675067,352,1005.07346818252
"957","variipennis","Museum","USNM",35.984609,-87.960913,135,989.614744369417
"958","variipennis","Museum","USNM",36.033005,-94.899087,249,989.007419379418
"959","variipennis","Museum","USNM",36.142458,-97.059262,279,987.631283727034
"960","variipennis","Museum","USNM",36.304356,-88.332645,142,985.589158329717
"961","variipennis","Museum","USNM",36.606637,-78.535818,112,981.755240138292
"962","variipennis","Museum","USNM",36.876024,-81.764563,522,978.315495339094
"963","variipennis","Museum","USNM",37.217638,-80.362598,456,973.922407861439
"964","variipennis","Museum","USNM",37.223088,-80.42967,623,973.852040960298
"965","variipennis","Museum","USNM",37.637362,-80.509726,658,968.477456683913
"966","variipennis","Museum","USNM",37.723253,-92.165242,321,967.356803495339
"967","variipennis","Museum","USNM",37.905651,-79.196341,436,964.969779199716
"968","variipennis","Museum","USNM",38.263386,-79.296972,649,960.259760991481
"969","variipennis","Museum","USNM",38.344208,-79.083959,414,959.1904500242
"970","variipennis","Museum","USNM",38.408097,-78.633363,289,958.343819370004
"971","variipennis","Museum","USNM",38.584914,-90.405288,203,955.994504351097
"972","variipennis","Museum","USNM",38.882904,-77.172968,102,952.014609750269
"973","variipennis","Museum","USNM",38.961079,-95.139279,249,950.966251784263
"974","variipennis","Museum","USNM",38.98778,-92.695692,182,950.607775018298
"975","variipennis","Museum","USNM",38.992847,-76.938076,28,950.53972422886
"976","variipennis","Museum","USNM",39.030957,-76.902995,40,950.027661374874
"977","variipennis","Museum","USNM",39.077771,-77.004312,134,949.398072478107
"978","variipennis","Museum","USNM",39.088622,-76.93568,111,949.25204980126
"979","variipennis","Museum","USNM",39.183386,-77.018783,130,947.975357481731
"980","variipennis","Museum","USNM",39.278176,-76.609702,11,946.695720599923
"981","variipennis","Museum","USNM",39.54745,-77.798091,142,943.046477857611
"982","variipennis","Museum","USNM",39.549865,-77.802082,138,943.013655042274
"983","variipennis","Museum","USNM",40.04324,-76.90233,130,936.27303287754
"984","variipennis","Museum","USNM",40.059245,-83.799513,299,936.053202964084
"985","variipennis","Museum","USNM",40.402014,-86.873483,202,931.327739643433
"986","variipennis","Museum","USNM",40.486319,-74.459271,24,930.160384909425
"987","variipennis","Museum","USNM",40.670249,-96.032329,346,927.606556308794
"988","variipennis","Museum","USNM",40.718601,-73.136371,1,926.933611298347
"989","variipennis","Museum","USNM",41.001271,-95.593756,303,922.986321507744
"990","variipennis","Museum","USNM",41.517124,-90.593997,171,915.724954710152
"991","variipennis","Museum","USNM",41.521314,-72.068601,52,915.665669775988
"992","variipennis","Museum","USNM",41.589648,-109.205364,1937,914.698110896387
"993","variipennis","Museum","USNM",41.60003,-90.909417,219,914.550995570437
"994","variipennis","Museum","USNM",42.000221,-70.080337,7,908.857356223965
"995","variipennis","Museum","USNM",42.025839,-93.628573,282,908.491368159342
"996","variipennis","Museum","USNM",42.575023,-90.224491,293,900.601966130163
"997","variipennis","Museum","USNM",43.078741,-89.411717,262,893.292946969337
"998","variipennis","Museum","USNM",43.1477,-90.696883,204,892.286956453721
"999","variipennis","Museum","USNM",43.170705,-89.788038,258,891.95106637512
"1000","variipennis","Museum","CNC",43.218436,-79.988472,255,891.253699725361
"1001","variipennis","Museum","not",43.241937,-79.98364,151,890.910114601767
"1002","variipennis","Museum","USNM",43.26215,-90.629223,219,890.614480209023
"1003","variipennis","Museum","USNM",43.263998,-89.491824,324,890.587445916678
"1004","variipennis","Museum","CNC",45.422099,-76.017414,65,858.391951703334
"1005","variipennis","Museum","USNM",45.492947,-91.01358,370,857.314112113123
"1006","variipennis","Museum","CNC",45.503363,-74.834414,54,857.155538681166
"1007","variipennis","Museum","CNC",45.553252,-74.88357,67,856.395634675569
"1008","variipennis","Museum","USNM",45.758652,-91.636147,384,853.260170157806
"1009","variipennis","Museum","USNM",46.509149,-114.094204,1006,841.71078337456
"1010","variipennis","Museum","CNC",49.027787,-119.483882,330,801.907512961133
"1011","variipennis","Museum","CNC",50.677215,-120.318518,351,774.996323835935
